{
  "cpu0": {
    "mean": 23.736296676944157,
    "median": 0.0,
    "max": 100.0,
    "min": 0.0,
    "stdev": 34.96402632767699
  },
  "cpu1": {
    "mean": 5.535286056868791,
    "median": 0.0,
    "max": 80.0,
    "min": 0.0,
    "stdev": 10.008187227827237
  },
  "cpu10": {
    "mean": 35.947670435080504,
    "median": 16.666666666666664,
    "max": 100.0,
    "min": 0.0,
    "stdev": 43.500090205493365
  },
  "cpu11": {
    "mean": 4.008650222678999,
    "median": 0.0,
    "max": 60.0,
    "min": 0.0,
    "stdev": 8.967835053494245
  },
  "cpu2": {
    "mean": 9.226618705035971,
    "median": 0.0,
    "max": 100.0,
    "min": 0.0,
    "stdev": 11.97917433637199
  },
  "cpu3": {
    "mean": 4.468568002740664,
    "median": 0.0,
    "max": 100.0,
    "min": 0.0,
    "stdev": 9.62083284986916
  },
  "cpu4": {
    "mean": 24.465998629667695,
    "median": 16.666666666666664,
    "max": 100.0,
    "min": 0.0,
    "stdev": 35.61355768414386
  },
  "cpu5": {
    "mean": 4.992291880781089,
    "median": 0.0,
    "max": 83.33333333333334,
    "min": 0.0,
    "stdev": 9.639926080351946
  },
  "cpu6": {
    "mean": 36.967711545049674,
    "median": 0.0,
    "max": 100.0,
    "min": 0.0,
    "stdev": 45.54567940510812
  },
  "cpu7": {
    "mean": 4.4642857142857135,
    "median": 0.0,
    "max": 100.0,
    "min": 0.0,
    "stdev": 10.068731998515775
  },
  "cpu8": {
    "mean": 4.764045906132237,
    "median": 0.0,
    "max": 83.33333333333334,
    "min": 0.0,
    "stdev": 10.17167381289373
  },
  "cpu9": {
    "mean": 3.7594210346008903,
    "median": 0.0,
    "max": 100.0,
    "min": 0.0,
    "stdev": 9.180093068767947
  },
  "aggregate": {
    "mean": 13.5280704008222,
    "median": 0.0,
    "max": 100.0,
    "min": 0.0,
    "stdev": 27.541951841966892,
    "num_cores": 12
  }
}