{
  "cpu0": {
    "mean": 35.305755395683455,
    "median": 16.666666666666664,
    "max": 100.0,
    "min": 0.0,
    "stdev": 42.09297158797448
  },
  "cpu1": {
    "mean": 3.659643713600548,
    "median": 0.0,
    "max": 100.0,
    "min": 0.0,
    "stdev": 10.048521108918147
  },
  "cpu10": {
    "mean": 31.313377869133266,
    "median": 0.0,
    "max": 100.0,
    "min": 0.0,
    "stdev": 42.57281734687014
  },
  "cpu11": {
    "mean": 2.344124700239808,
    "median": 0.0,
    "max": 60.0,
    "min": 0.0,
    "stdev": 6.878808142017925
  },
  "cpu2": {
    "mean": 8.065262076053443,
    "median": 0.0,
    "max": 100.0,
    "min": 0.0,
    "stdev": 12.366891278854235
  },
  "cpu3": {
    "mean": 3.4605173004453578,
    "median": 0.0,
    "max": 100.0,
    "min": 0.0,
    "stdev": 9.655652995494636
  },
  "cpu4": {
    "mean": 26.451267557382664,
    "median": 16.666666666666664,
    "max": 100.0,
    "min": 0.0,
    "stdev": 37.1857708235243
  },
  "cpu5": {
    "mean": 4.023210003425831,
    "median": 0.0,
    "max": 80.0,
    "min": 0.0,
    "stdev": 9.373530985257508
  },
  "cpu6": {
    "mean": 25.006423432682425,
    "median": 0.0,
    "max": 100.0,
    "min": 0.0,
    "stdev": 39.19539765185787
  },
  "cpu7": {
    "mean": 2.908102089756766,
    "median": 0.0,
    "max": 75.0,
    "min": 0.0,
    "stdev": 7.964546336282161
  },
  "cpu8": {
    "mean": 3.306354916067146,
    "median": 0.0,
    "max": 100.0,
    "min": 0.0,
    "stdev": 8.864132468953798
  },
  "cpu9": {
    "mean": 2.673860911270983,
    "median": 0.0,
    "max": 83.33333333333334,
    "min": 0.0,
    "stdev": 7.543318225508595
  },
  "aggregate": {
    "mean": 12.376491663811807,
    "median": 0.0,
    "max": 100.0,
    "min": 0.0,
    "stdev": 27.424911425655925,
    "num_cores": 12
  }
}