{
  "cpu0": {
    "mean": 42.14584936308455,
    "median": 16.666666666666664,
    "max": 100.0,
    "min": 0.0,
    "stdev": 47.26469400484464
  },
  "cpu1": {
    "mean": 1.6517055655296229,
    "median": 0.0,
    "max": 40.0,
    "min": 0.0,
    "stdev": 5.535364791301898
  },
  "cpu10": {
    "mean": 21.394802086004958,
    "median": 0.0,
    "max": 100.0,
    "min": 0.0,
    "stdev": 38.47612745459553
  },
  "cpu11": {
    "mean": 1.3140121398649225,
    "median": 0.0,
    "max": 50.0,
    "min": 0.0,
    "stdev": 5.293000843802502
  },
  "cpu2": {
    "mean": 3.591519192955458,
    "median": 0.0,
    "max": 60.0,
    "min": 0.0,
    "stdev": 8.300067173130534
  },
  "cpu3": {
    "mean": 1.8372232196289644,
    "median": 0.0,
    "max": 50.0,
    "min": 0.0,
    "stdev": 6.013892359229314
  },
  "cpu4": {
    "mean": 18.243994186543556,
    "median": 0.0,
    "max": 100.0,
    "min": 0.0,
    "stdev": 34.022707645423544
  },
  "cpu5": {
    "mean": 2.3706933401726937,
    "median": 0.0,
    "max": 50.0,
    "min": 0.0,
    "stdev": 6.699855644606375
  },
  "cpu6": {
    "mean": 25.341113105924595,
    "median": 0.0,
    "max": 100.0,
    "min": 0.0,
    "stdev": 42.25417147823306
  },
  "cpu7": {
    "mean": 1.5516799179276737,
    "median": 0.0,
    "max": 60.0,
    "min": 0.0,
    "stdev": 5.435966936467877
  },
  "cpu8": {
    "mean": 1.5892964007865262,
    "median": 0.0,
    "max": 50.0,
    "min": 0.0,
    "stdev": 5.661388205068912
  },
  "cpu9": {
    "mean": 0.921603830041891,
    "median": 0.0,
    "max": 60.0,
    "min": 0.0,
    "stdev": 4.464581958861029
  },
  "aggregate": {
    "mean": 10.162791029038784,
    "median": 0.0,
    "max": 100.0,
    "min": 0.0,
    "stdev": 27.291777213815397,
    "num_cores": 12
  }
}