{
  "cpu0": {
    "mean": 20.455169455169454,
    "median": 16.666666666666664,
    "max": 100.0,
    "min": 0.0,
    "stdev": 28.147742977998533
  },
  "cpu1": {
    "mean": 6.166452166452166,
    "median": 0.0,
    "max": 100.0,
    "min": 0.0,
    "stdev": 11.09439930890157
  },
  "cpu10": {
    "mean": 46.03045903045903,
    "median": 20.0,
    "max": 100.0,
    "min": 0.0,
    "stdev": 47.425390899013976
  },
  "cpu11": {
    "mean": 3.739596739596739,
    "median": 0.0,
    "max": 83.33333333333334,
    "min": 0.0,
    "stdev": 8.730210922473681
  },
  "cpu2": {
    "mean": 11.832260832260832,
    "median": 16.666666666666664,
    "max": 100.0,
    "min": 0.0,
    "stdev": 13.573191056694476
  },
  "cpu3": {
    "mean": 5.915915915915916,
    "median": 0.0,
    "max": 100.0,
    "min": 0.0,
    "stdev": 11.197450916874827
  },
  "cpu4": {
    "mean": 39.825825825825824,
    "median": 16.666666666666664,
    "max": 100.0,
    "min": 0.0,
    "stdev": 45.10283402934492
  },
  "cpu5": {
    "mean": 5.577005577005576,
    "median": 0.0,
    "max": 75.0,
    "min": 0.0,
    "stdev": 10.065843178654683
  },
  "cpu6": {
    "mean": 18.193908193908193,
    "median": 0.0,
    "max": 100.0,
    "min": 0.0,
    "stdev": 31.489788391025577
  },
  "cpu7": {
    "mean": 4.967824967824967,
    "median": 0.0,
    "max": 100.0,
    "min": 0.0,
    "stdev": 10.06567731908127
  },
  "cpu8": {
    "mean": 4.760617760617761,
    "median": 0.0,
    "max": 100.0,
    "min": 0.0,
    "stdev": 10.530596337091211
  },
  "cpu9": {
    "mean": 3.4654654654654653,
    "median": 0.0,
    "max": 100.0,
    "min": 0.0,
    "stdev": 8.845430183826108
  },
  "aggregate": {
    "mean": 14.244208494208493,
    "median": 0.0,
    "max": 100.0,
    "min": 0.0,
    "stdev": 27.829681946982856,
    "num_cores": 12
  }
}