{
  "cpu0": {
    "mean": 18.423852423852423,
    "median": 0.0,
    "max": 100.0,
    "min": 0.0,
    "stdev": 30.882372099557582
  },
  "cpu1": {
    "mean": 4.706134706134706,
    "median": 0.0,
    "max": 80.0,
    "min": 0.0,
    "stdev": 10.55394293992109
  },
  "cpu10": {
    "mean": 47.55169455169455,
    "median": 20.0,
    "max": 100.0,
    "min": 0.0,
    "stdev": 45.0938960471725
  },
  "cpu11": {
    "mean": 3.0334620334620332,
    "median": 0.0,
    "max": 83.33333333333334,
    "min": 0.0,
    "stdev": 9.000473409717522
  },
  "cpu2": {
    "mean": 9.83998283998284,
    "median": 0.0,
    "max": 100.0,
    "min": 0.0,
    "stdev": 13.437006070896736
  },
  "cpu3": {
    "mean": 4.472758472758472,
    "median": 0.0,
    "max": 80.0,
    "min": 0.0,
    "stdev": 9.435671135080074
  },
  "cpu4": {
    "mean": 24.1016731016731,
    "median": 0.0,
    "max": 100.0,
    "min": 0.0,
    "stdev": 35.39503663909363
  },
  "cpu5": {
    "mean": 6.4517374517374515,
    "median": 0.0,
    "max": 100.0,
    "min": 0.0,
    "stdev": 12.476156463020011
  },
  "cpu6": {
    "mean": 35.92020592020592,
    "median": 16.666666666666664,
    "max": 100.0,
    "min": 0.0,
    "stdev": 43.561226525277526
  },
  "cpu7": {
    "mean": 4.617760617760617,
    "median": 0.0,
    "max": 83.33333333333334,
    "min": 0.0,
    "stdev": 10.510139367383418
  },
  "cpu8": {
    "mean": 4.799227799227799,
    "median": 0.0,
    "max": 100.0,
    "min": 0.0,
    "stdev": 11.568472484708275
  },
  "cpu9": {
    "mean": 4.085800085800085,
    "median": 0.0,
    "max": 100.0,
    "min": 0.0,
    "stdev": 11.761127348108818
  },
  "aggregate": {
    "mean": 14.0003575003575,
    "median": 0.0,
    "max": 100.0,
    "min": 0.0,
    "stdev": 28.131942129648873,
    "num_cores": 12
  }
}