{
  "cpu0": {
    "mean": 37.639565700606994,
    "median": 16.666666666666664,
    "max": 100.0,
    "min": 0.0,
    "stdev": 44.26557819049494
  },
  "cpu1": {
    "mean": 2.651107121484141,
    "median": 0.0,
    "max": 60.0,
    "min": 0.0,
    "stdev": 7.1758040344105645
  },
  "cpu10": {
    "mean": 49.36564931178935,
    "median": 20.0,
    "max": 100.0,
    "min": 0.0,
    "stdev": 48.17405900475383
  },
  "cpu11": {
    "mean": 1.6311874839702487,
    "median": 0.0,
    "max": 80.0,
    "min": 0.0,
    "stdev": 6.36939885272263
  },
  "cpu2": {
    "mean": 4.639223732581003,
    "median": 0.0,
    "max": 75.0,
    "min": 0.0,
    "stdev": 9.868986304582291
  },
  "cpu3": {
    "mean": 2.0975463794135245,
    "median": 0.0,
    "max": 40.0,
    "min": 0.0,
    "stdev": 6.488465135934473
  },
  "cpu4": {
    "mean": 17.495939129691372,
    "median": 0.0,
    "max": 100.0,
    "min": 0.0,
    "stdev": 33.439812266010854
  },
  "cpu5": {
    "mean": 1.9723005898948447,
    "median": 0.0,
    "max": 60.0,
    "min": 0.0,
    "stdev": 6.2632197693913625
  },
  "cpu6": {
    "mean": 5.906642728904847,
    "median": 0.0,
    "max": 100.0,
    "min": 0.0,
    "stdev": 17.809747670019632
  },
  "cpu7": {
    "mean": 1.4033512866546975,
    "median": 0.0,
    "max": 80.0,
    "min": 0.0,
    "stdev": 5.7362149027515
  },
  "cpu8": {
    "mean": 2.2381807301017353,
    "median": 0.0,
    "max": 80.0,
    "min": 0.0,
    "stdev": 6.923811891203276
  },
  "cpu9": {
    "mean": 2.002222792168932,
    "median": 0.0,
    "max": 80.0,
    "min": 0.0,
    "stdev": 6.827355146255551
  },
  "aggregate": {
    "mean": 10.75357641560514,
    "median": 0.0,
    "max": 100.0,
    "min": 0.0,
    "stdev": 27.327814107615062,
    "num_cores": 12
  }
}