{
  "cpu0": {
    "mean": 50.46546546546546,
    "median": 40.0,
    "max": 100.0,
    "min": 0.0,
    "stdev": 45.97812223423527
  },
  "cpu1": {
    "mean": 5.360789360789361,
    "median": 0.0,
    "max": 80.0,
    "min": 0.0,
    "stdev": 10.937322034397447
  },
  "cpu10": {
    "mean": 20.016302016302017,
    "median": 16.666666666666664,
    "max": 100.0,
    "min": 0.0,
    "stdev": 30.255591482871942
  },
  "cpu11": {
    "mean": 4.986700986700987,
    "median": 0.0,
    "max": 100.0,
    "min": 0.0,
    "stdev": 11.26634977535778
  },
  "cpu2": {
    "mean": 11.865293865293864,
    "median": 0.0,
    "max": 100.0,
    "min": 0.0,
    "stdev": 15.678909124641415
  },
  "cpu3": {
    "mean": 7.120978120978121,
    "median": 0.0,
    "max": 100.0,
    "min": 0.0,
    "stdev": 14.750776031859212
  },
  "cpu4": {
    "mean": 24.722865722865723,
    "median": 20.0,
    "max": 100.0,
    "min": 0.0,
    "stdev": 29.784488731176054
  },
  "cpu5": {
    "mean": 7.47018447018447,
    "median": 0.0,
    "max": 80.0,
    "min": 0.0,
    "stdev": 11.555456662466451
  },
  "cpu6": {
    "mean": 32.21063921063921,
    "median": 0.0,
    "max": 100.0,
    "min": 0.0,
    "stdev": 42.22426699304764
  },
  "cpu7": {
    "mean": 5.513942513942514,
    "median": 0.0,
    "max": 80.0,
    "min": 0.0,
    "stdev": 11.749372877158365
  },
  "cpu8": {
    "mean": 6.8815958815958815,
    "median": 0.0,
    "max": 80.0,
    "min": 0.0,
    "stdev": 12.227107242883308
  },
  "cpu9": {
    "mean": 5.719433719433719,
    "median": 0.0,
    "max": 100.0,
    "min": 0.0,
    "stdev": 11.126769291087308
  },
  "aggregate": {
    "mean": 15.194515944515944,
    "median": 0.0,
    "max": 100.0,
    "min": 0.0,
    "stdev": 27.658858443464624,
    "num_cores": 12
  }
}