{
  "cpu0": {
    "mean": 34.646074646074645,
    "median": 20.0,
    "max": 100.0,
    "min": 0.0,
    "stdev": 38.84952057050472
  },
  "cpu1": {
    "mean": 6.436293436293436,
    "median": 0.0,
    "max": 100.0,
    "min": 0.0,
    "stdev": 12.27727070802934
  },
  "cpu10": {
    "mean": 43.32346632346632,
    "median": 20.0,
    "max": 100.0,
    "min": 0.0,
    "stdev": 45.43010251698658
  },
  "cpu11": {
    "mean": 4.6220506220506214,
    "median": 0.0,
    "max": 60.0,
    "min": 0.0,
    "stdev": 9.89198579794427
  },
  "cpu2": {
    "mean": 12.69069069069069,
    "median": 16.666666666666664,
    "max": 100.0,
    "min": 0.0,
    "stdev": 15.01361273685243
  },
  "cpu3": {
    "mean": 6.7185757185757184,
    "median": 0.0,
    "max": 100.0,
    "min": 0.0,
    "stdev": 12.560309986905702
  },
  "cpu4": {
    "mean": 31.585585585585584,
    "median": 16.666666666666664,
    "max": 100.0,
    "min": 0.0,
    "stdev": 39.28631940115371
  },
  "cpu5": {
    "mean": 6.798798798798798,
    "median": 0.0,
    "max": 100.0,
    "min": 0.0,
    "stdev": 13.267264729221655
  },
  "cpu6": {
    "mean": 20.93822393822394,
    "median": 0.0,
    "max": 100.0,
    "min": 0.0,
    "stdev": 34.384921910529336
  },
  "cpu7": {
    "mean": 5.327756327756328,
    "median": 0.0,
    "max": 100.0,
    "min": 0.0,
    "stdev": 11.609702139555353
  },
  "cpu8": {
    "mean": 6.091377091377091,
    "median": 0.0,
    "max": 83.33333333333334,
    "min": 0.0,
    "stdev": 12.775460381414899
  },
  "cpu9": {
    "mean": 4.916344916344916,
    "median": 0.0,
    "max": 100.0,
    "min": 0.0,
    "stdev": 11.362861956175754
  },
  "aggregate": {
    "mean": 15.34126984126984,
    "median": 0.0,
    "max": 100.0,
    "min": 0.0,
    "stdev": 28.30726472511197,
    "num_cores": 12
  }
}