{
  "cpu0": {
    "mean": 30.712140712140712,
    "median": 20.0,
    "max": 100.0,
    "min": 0.0,
    "stdev": 37.83338284930115
  },
  "cpu1": {
    "mean": 6.049335049335049,
    "median": 0.0,
    "max": 83.33333333333334,
    "min": 0.0,
    "stdev": 10.996995869397974
  },
  "cpu10": {
    "mean": 48.37623337623337,
    "median": 20.0,
    "max": 100.0,
    "min": 0.0,
    "stdev": 45.37133502898669
  },
  "cpu11": {
    "mean": 3.796224796224796,
    "median": 0.0,
    "max": 100.0,
    "min": 0.0,
    "stdev": 9.874740796119514
  },
  "cpu2": {
    "mean": 13.053196053196052,
    "median": 16.666666666666664,
    "max": 100.0,
    "min": 0.0,
    "stdev": 13.795737071130716
  },
  "cpu3": {
    "mean": 7.235521235521235,
    "median": 0.0,
    "max": 100.0,
    "min": 0.0,
    "stdev": 11.882047847661976
  },
  "cpu4": {
    "mean": 17.63063063063063,
    "median": 0.0,
    "max": 100.0,
    "min": 0.0,
    "stdev": 26.196335488031036
  },
  "cpu5": {
    "mean": 8.102531102531103,
    "median": 0.0,
    "max": 100.0,
    "min": 0.0,
    "stdev": 13.04107792675055
  },
  "cpu6": {
    "mean": 36.787215787215786,
    "median": 20.0,
    "max": 100.0,
    "min": 0.0,
    "stdev": 41.25298053611641
  },
  "cpu7": {
    "mean": 5.706134706134706,
    "median": 0.0,
    "max": 100.0,
    "min": 0.0,
    "stdev": 11.661378139660716
  },
  "cpu8": {
    "mean": 7.416130416130415,
    "median": 0.0,
    "max": 100.0,
    "min": 0.0,
    "stdev": 12.344441596484783
  },
  "cpu9": {
    "mean": 4.78035178035178,
    "median": 0.0,
    "max": 100.0,
    "min": 0.0,
    "stdev": 11.063232867928603
  },
  "aggregate": {
    "mean": 15.803803803803804,
    "median": 0.0,
    "max": 100.0,
    "min": 0.0,
    "stdev": 27.984917360164154,
    "num_cores": 12
  }
}