{
  "cpu0": {
    "mean": 28.42925659472422,
    "median": 0.0,
    "max": 100.0,
    "min": 0.0,
    "stdev": 42.96296786739577
  },
  "cpu1": {
    "mean": 1.8833504624871529,
    "median": 0.0,
    "max": 100.0,
    "min": 0.0,
    "stdev": 7.567443104088427
  },
  "cpu10": {
    "mean": 21.258992805755394,
    "median": 0.0,
    "max": 100.0,
    "min": 0.0,
    "stdev": 39.38851513054201
  },
  "cpu11": {
    "mean": 1.6426858513189448,
    "median": 0.0,
    "max": 100.0,
    "min": 0.0,
    "stdev": 8.290244424203951
  },
  "cpu2": {
    "mean": 5.229102432339842,
    "median": 0.0,
    "max": 80.0,
    "min": 0.0,
    "stdev": 9.690287812314494
  },
  "cpu3": {
    "mean": 2.3231414868105515,
    "median": 0.0,
    "max": 100.0,
    "min": 0.0,
    "stdev": 7.890878405169518
  },
  "cpu4": {
    "mean": 13.630524152106885,
    "median": 0.0,
    "max": 100.0,
    "min": 0.0,
    "stdev": 23.77203343586458
  },
  "cpu5": {
    "mean": 3.2494004796163067,
    "median": 0.0,
    "max": 83.33333333333334,
    "min": 0.0,
    "stdev": 9.258437681844402
  },
  "cpu6": {
    "mean": 48.72944501541624,
    "median": 16.666666666666664,
    "max": 100.0,
    "min": 0.0,
    "stdev": 49.205254661282886
  },
  "cpu7": {
    "mean": 2.4850119904076737,
    "median": 0.0,
    "max": 100.0,
    "min": 0.0,
    "stdev": 8.17261076686041
  },
  "cpu8": {
    "mean": 2.659301130524152,
    "median": 0.0,
    "max": 100.0,
    "min": 0.0,
    "stdev": 8.354738140461881
  },
  "cpu9": {
    "mean": 1.5116478245974647,
    "median": 0.0,
    "max": 80.0,
    "min": 0.0,
    "stdev": 6.005658684733495
  },
  "aggregate": {
    "mean": 11.085988352175402,
    "median": 0.0,
    "max": 100.0,
    "min": 0.0,
    "stdev": 27.87446382463653,
    "num_cores": 12
  }
}