{
  "cpu0": {
    "mean": 23.537598492634462,
    "median": 20.0,
    "max": 100.0,
    "min": 0.0,
    "stdev": 29.722229711422994
  },
  "cpu1": {
    "mean": 5.839756766015759,
    "median": 0.0,
    "max": 100.0,
    "min": 0.0,
    "stdev": 12.064406175107177
  },
  "cpu10": {
    "mean": 56.30909558067832,
    "median": 100.0,
    "max": 100.0,
    "min": 0.0,
    "stdev": 48.42949227134828
  },
  "cpu11": {
    "mean": 3.5718568002740665,
    "median": 0.0,
    "max": 100.0,
    "min": 0.0,
    "stdev": 11.230766203506683
  },
  "cpu2": {
    "mean": 9.386348064405619,
    "median": 0.0,
    "max": 80.0,
    "min": 0.0,
    "stdev": 12.763524913888606
  },
  "cpu3": {
    "mean": 4.7285029119561495,
    "median": 0.0,
    "max": 100.0,
    "min": 0.0,
    "stdev": 10.938518531902316
  },
  "cpu4": {
    "mean": 27.188249400479616,
    "median": 0.0,
    "max": 100.0,
    "min": 0.0,
    "stdev": 41.05402741485821
  },
  "cpu5": {
    "mean": 4.227475162726961,
    "median": 0.0,
    "max": 80.0,
    "min": 0.0,
    "stdev": 9.426122416218403
  },
  "cpu6": {
    "mean": 15.885149023638231,
    "median": 0.0,
    "max": 100.0,
    "min": 0.0,
    "stdev": 29.522288379300093
  },
  "cpu7": {
    "mean": 3.8103802672147995,
    "median": 0.0,
    "max": 100.0,
    "min": 0.0,
    "stdev": 11.77826397557704
  },
  "cpu8": {
    "mean": 4.1940733127783485,
    "median": 0.0,
    "max": 100.0,
    "min": 0.0,
    "stdev": 11.812476421165067
  },
  "cpu9": {
    "mean": 3.4545220966084274,
    "median": 0.0,
    "max": 100.0,
    "min": 0.0,
    "stdev": 10.26768321919347
  },
  "aggregate": {
    "mean": 13.511083989950896,
    "median": 0.0,
    "max": 100.0,
    "min": 0.0,
    "stdev": 28.205640621699526,
    "num_cores": 12
  }
}