{
  "cpu0": {
    "mean": 25.46975546975547,
    "median": 16.666666666666664,
    "max": 100.0,
    "min": 0.0,
    "stdev": 36.434535251943686
  },
  "cpu1": {
    "mean": 6.712998712998712,
    "median": 0.0,
    "max": 100.0,
    "min": 0.0,
    "stdev": 11.960745893749353
  },
  "cpu10": {
    "mean": 36.6996996996997,
    "median": 0.0,
    "max": 100.0,
    "min": 0.0,
    "stdev": 45.17785761412326
  },
  "cpu11": {
    "mean": 4.447876447876448,
    "median": 0.0,
    "max": 80.0,
    "min": 0.0,
    "stdev": 10.743311357930441
  },
  "cpu2": {
    "mean": 10.263835263835263,
    "median": 0.0,
    "max": 100.0,
    "min": 0.0,
    "stdev": 15.316199749328254
  },
  "cpu3": {
    "mean": 6.07035607035607,
    "median": 0.0,
    "max": 80.0,
    "min": 0.0,
    "stdev": 11.940057436531186
  },
  "cpu4": {
    "mean": 34.31574431574432,
    "median": 0.0,
    "max": 100.0,
    "min": 0.0,
    "stdev": 43.765504867668824
  },
  "cpu5": {
    "mean": 6.054912054912054,
    "median": 0.0,
    "max": 100.0,
    "min": 0.0,
    "stdev": 12.282339920571568
  },
  "cpu6": {
    "mean": 25.003432003432003,
    "median": 0.0,
    "max": 100.0,
    "min": 0.0,
    "stdev": 37.542567729360265
  },
  "cpu7": {
    "mean": 4.91033891033891,
    "median": 0.0,
    "max": 80.0,
    "min": 0.0,
    "stdev": 10.66327078766204
  },
  "cpu8": {
    "mean": 6.1934791934791935,
    "median": 0.0,
    "max": 100.0,
    "min": 0.0,
    "stdev": 12.50400408912669
  },
  "cpu9": {
    "mean": 4.814671814671814,
    "median": 0.0,
    "max": 100.0,
    "min": 0.0,
    "stdev": 10.846441754249696
  },
  "aggregate": {
    "mean": 14.246424996424997,
    "median": 0.0,
    "max": 100.0,
    "min": 0.0,
    "stdev": 28.20604159143173,
    "num_cores": 12
  }
}