{
  "cpu0": {
    "mean": 24.54182754182754,
    "median": 16.666666666666664,
    "max": 100.0,
    "min": 0.0,
    "stdev": 32.4964771065995
  },
  "cpu1": {
    "mean": 6.184041184041184,
    "median": 0.0,
    "max": 100.0,
    "min": 0.0,
    "stdev": 11.865236924817061
  },
  "cpu10": {
    "mean": 42.325182325182325,
    "median": 20.0,
    "max": 100.0,
    "min": 0.0,
    "stdev": 44.74836200617177
  },
  "cpu11": {
    "mean": 4.7099957099957095,
    "median": 0.0,
    "max": 100.0,
    "min": 0.0,
    "stdev": 13.025218825339197
  },
  "cpu2": {
    "mean": 10.78035178035178,
    "median": 0.0,
    "max": 100.0,
    "min": 0.0,
    "stdev": 14.837356695545413
  },
  "cpu3": {
    "mean": 6.297726297726298,
    "median": 0.0,
    "max": 100.0,
    "min": 0.0,
    "stdev": 11.784155217436899
  },
  "cpu4": {
    "mean": 32.78035178035178,
    "median": 20.0,
    "max": 100.0,
    "min": 0.0,
    "stdev": 40.33408914697092
  },
  "cpu5": {
    "mean": 5.897897897897898,
    "median": 0.0,
    "max": 100.0,
    "min": 0.0,
    "stdev": 12.333918156426854
  },
  "cpu6": {
    "mean": 30.956241956241957,
    "median": 16.666666666666664,
    "max": 100.0,
    "min": 0.0,
    "stdev": 41.30483733137663
  },
  "cpu7": {
    "mean": 4.772629772629772,
    "median": 0.0,
    "max": 100.0,
    "min": 0.0,
    "stdev": 11.323319643472653
  },
  "cpu8": {
    "mean": 6.792363792363792,
    "median": 0.0,
    "max": 100.0,
    "min": 0.0,
    "stdev": 13.70673749713417
  },
  "cpu9": {
    "mean": 4.0690690690690685,
    "median": 0.0,
    "max": 100.0,
    "min": 0.0,
    "stdev": 11.259182384193076
  },
  "aggregate": {
    "mean": 15.008973258973258,
    "median": 0.0,
    "max": 100.0,
    "min": 0.0,
    "stdev": 28.436127916015472,
    "num_cores": 12
  }
}