{
  "cpu0": {
    "mean": 55.82437275985663,
    "median": 100.0,
    "max": 100.0,
    "min": 0.0,
    "stdev": 47.8518957737212
  },
  "cpu1": {
    "mean": 1.5292712066905614,
    "median": 0.0,
    "max": 80.0,
    "min": 0.0,
    "stdev": 6.013071689706092
  },
  "cpu10": {
    "mean": 1.7733401604369345,
    "median": 0.0,
    "max": 60.0,
    "min": 0.0,
    "stdev": 6.016927903283383
  },
  "cpu11": {
    "mean": 1.3321385902031062,
    "median": 0.0,
    "max": 60.0,
    "min": 0.0,
    "stdev": 5.403857345762702
  },
  "cpu2": {
    "mean": 3.8658474142345107,
    "median": 0.0,
    "max": 80.0,
    "min": 0.0,
    "stdev": 8.68114625403291
  },
  "cpu3": {
    "mean": 1.9832735961768218,
    "median": 0.0,
    "max": 100.0,
    "min": 0.0,
    "stdev": 7.274046222732202
  },
  "cpu4": {
    "mean": 25.880269670592252,
    "median": 0.0,
    "max": 100.0,
    "min": 0.0,
    "stdev": 39.379114434903094
  },
  "cpu5": {
    "mean": 2.2264891619730327,
    "median": 0.0,
    "max": 40.0,
    "min": 0.0,
    "stdev": 6.253592413356154
  },
  "cpu6": {
    "mean": 24.324970131421743,
    "median": 0.0,
    "max": 100.0,
    "min": 0.0,
    "stdev": 41.65023409955435
  },
  "cpu7": {
    "mean": 1.6700802184673151,
    "median": 0.0,
    "max": 60.0,
    "min": 0.0,
    "stdev": 6.114796119083986
  },
  "cpu8": {
    "mean": 1.4994026284348865,
    "median": 0.0,
    "max": 60.0,
    "min": 0.0,
    "stdev": 5.989043427336564
  },
  "cpu9": {
    "mean": 1.2186379928315412,
    "median": 0.0,
    "max": 50.0,
    "min": 0.0,
    "stdev": 5.406697966525501
  },
  "aggregate": {
    "mean": 10.260674460943278,
    "median": 0.0,
    "max": 100.0,
    "min": 0.0,
    "stdev": 27.521942638743965,
    "num_cores": 12
  }
}