{
  "cpu0": {
    "mean": 20.665982730614687,
    "median": 20.0,
    "max": 100.0,
    "min": 0.0,
    "stdev": 27.335261480227555
  },
  "cpu1": {
    "mean": 5.282551081473882,
    "median": 0.0,
    "max": 100.0,
    "min": 0.0,
    "stdev": 12.467794781441572
  },
  "cpu10": {
    "mean": 55.284688381636315,
    "median": 100.0,
    "max": 100.0,
    "min": 0.0,
    "stdev": 48.091587061595334
  },
  "cpu11": {
    "mean": 3.037530990852355,
    "median": 0.0,
    "max": 100.0,
    "min": 0.0,
    "stdev": 10.64040551414072
  },
  "cpu2": {
    "mean": 7.927673762503206,
    "median": 0.0,
    "max": 100.0,
    "min": 0.0,
    "stdev": 13.247126407822654
  },
  "cpu3": {
    "mean": 4.787979823886467,
    "median": 0.0,
    "max": 100.0,
    "min": 0.0,
    "stdev": 11.679935611653859
  },
  "cpu4": {
    "mean": 33.32734889287852,
    "median": 0.0,
    "max": 100.0,
    "min": 0.0,
    "stdev": 44.67195425874629
  },
  "cpu5": {
    "mean": 4.602889629819612,
    "median": 0.0,
    "max": 100.0,
    "min": 0.0,
    "stdev": 12.256709015536542
  },
  "cpu6": {
    "mean": 12.513037530990852,
    "median": 0.0,
    "max": 100.0,
    "min": 0.0,
    "stdev": 26.374021235659832
  },
  "cpu7": {
    "mean": 3.8313242711806446,
    "median": 0.0,
    "max": 80.0,
    "min": 0.0,
    "stdev": 11.12006308181177
  },
  "cpu8": {
    "mean": 4.35966487133453,
    "median": 0.0,
    "max": 100.0,
    "min": 0,
    "stdev": 11.683308824272775
  },
  "cpu9": {
    "mean": 3.615456954774728,
    "median": 0.0,
    "max": 100.0,
    "min": 0.0,
    "stdev": 11.967400954030108
  },
  "aggregate": {
    "mean": 13.26967741016215,
    "median": 0.0,
    "max": 100.0,
    "min": 0.0,
    "stdev": 28.435683012531985,
    "num_cores": 12
  }
}