{
  "cpu0": {
    "mean": 52.4914354230901,
    "median": 60.0,
    "max": 100.0,
    "min": 0.0,
    "stdev": 47.096947212969376
  },
  "cpu1": {
    "mean": 3.5624357656731753,
    "median": 0.0,
    "max": 80.0,
    "min": 0.0,
    "stdev": 9.150726622493465
  },
  "cpu10": {
    "mean": 14.557211373758136,
    "median": 0.0,
    "max": 100.0,
    "min": 0.0,
    "stdev": 24.502596185452962
  },
  "cpu11": {
    "mean": 3.243833504624871,
    "median": 0.0,
    "max": 100.0,
    "min": 0.0,
    "stdev": 8.984109761848611
  },
  "cpu2": {
    "mean": 8.239122987324425,
    "median": 0.0,
    "max": 100.0,
    "min": 0.0,
    "stdev": 13.230462654197481
  },
  "cpu3": {
    "mean": 4.568773552586502,
    "median": 0.0,
    "max": 100.0,
    "min": 0.0,
    "stdev": 12.750944420335255
  },
  "cpu4": {
    "mean": 17.599777321000342,
    "median": 16.666666666666664,
    "max": 100.0,
    "min": 0.0,
    "stdev": 26.611877123495876
  },
  "cpu5": {
    "mean": 4.940904419321686,
    "median": 0.0,
    "max": 100.0,
    "min": 0.0,
    "stdev": 10.980313122876927
  },
  "cpu6": {
    "mean": 35.77680712572799,
    "median": 0.0,
    "max": 100.0,
    "min": 0.0,
    "stdev": 46.29080161344246
  },
  "cpu7": {
    "mean": 3.397567660157588,
    "median": 0.0,
    "max": 100.0,
    "min": 0.0,
    "stdev": 10.117698864735528
  },
  "cpu8": {
    "mean": 4.269013360739979,
    "median": 0.0,
    "max": 100.0,
    "min": 0.0,
    "stdev": 10.169501062132742
  },
  "cpu9": {
    "mean": 3.1637547105173,
    "median": 0.0,
    "max": 80.0,
    "min": 0.0,
    "stdev": 9.41113071331996
  },
  "aggregate": {
    "mean": 12.984219767043507,
    "median": 0.0,
    "max": 100.0,
    "min": 0.0,
    "stdev": 27.818094059721187,
    "num_cores": 12
  }
}