{
  "cpu0": {
    "mean": 36.046591298389856,
    "median": 16.666666666666664,
    "max": 100.0,
    "min": 0.0,
    "stdev": 43.225937118428405
  },
  "cpu1": {
    "mean": 4.756766015758822,
    "median": 0.0,
    "max": 80.0,
    "min": 0.0,
    "stdev": 10.87288470302875
  },
  "cpu10": {
    "mean": 43.74743062692703,
    "median": 16.666666666666664,
    "max": 100.0,
    "min": 0.0,
    "stdev": 47.290295020768205
  },
  "cpu11": {
    "mean": 3.3097807468311062,
    "median": 0.0,
    "max": 66.66666666666666,
    "min": 0.0,
    "stdev": 8.805595604960097
  },
  "cpu2": {
    "mean": 6.37761219595752,
    "median": 0.0,
    "max": 80.0,
    "min": 0.0,
    "stdev": 11.300166738453077
  },
  "cpu3": {
    "mean": 3.7123158615964367,
    "median": 0.0,
    "max": 80.0,
    "min": 0.0,
    "stdev": 9.447756838905608
  },
  "cpu4": {
    "mean": 22.71711202466598,
    "median": 0.0,
    "max": 100.0,
    "min": 0.0,
    "stdev": 37.914913575696595
  },
  "cpu5": {
    "mean": 4.405190133607399,
    "median": 0.0,
    "max": 100.0,
    "min": 0.0,
    "stdev": 10.452778909649798
  },
  "cpu6": {
    "mean": 12.953922576224734,
    "median": 0.0,
    "max": 100.0,
    "min": 0.0,
    "stdev": 27.858318250787406
  },
  "cpu7": {
    "mean": 3.490921548475505,
    "median": 0.0,
    "max": 83.33333333333334,
    "min": 0.0,
    "stdev": 9.008463851131813
  },
  "cpu8": {
    "mean": 3.8771839671120243,
    "median": 0.0,
    "max": 100.0,
    "min": 0.0,
    "stdev": 10.886326000991499
  },
  "cpu9": {
    "mean": 3.3247687564234325,
    "median": 0.0,
    "max": 83.33333333333334,
    "min": 0.0,
    "stdev": 8.867642995400725
  },
  "aggregate": {
    "mean": 12.393299645997487,
    "median": 0.0,
    "max": 100.0,
    "min": 0.0,
    "stdev": 27.84929475464624,
    "num_cores": 12
  }
}